干员,稀有度,职业,子职业,英文,上线时间,部署位,再部署时间,初始部署费用,阻挡数,攻击间隔,生命上限-精英0 1级,生命上限-精英0 满级,生命上限-精英1 满级,生命上限-精英2 满级,生命上限-信赖加成上限,攻击-精英0 1级,攻击-精英0 满级,攻击-精英1 满级,攻击-精英2 满级,攻击-信赖加成上限,防御-精英0 1级,防御-精英0 满级,防御-精英1 满级,防御-精英2 满级,防御-信赖加成上限,法术抗性-精英0 1级,法术抗性-精英0 满级,法术抗性-精英1 满级,法术抗性-精英2 满级,法术抗性-信赖加成上限,技能1 技能名称,技能1 回复类型,技能1 触发类型,技能1 LV7 初始,技能1 LV7 消耗,技能1 LV7 持续,技能2 技能名称,技能2 回复类型,技能2 触发类型,技能2 LV7 初始,技能2 LV7 消耗,技能2 LV7 持续,技能3 技能名称,技能3 回复类型,技能3 触发类型,技能3 LV7 初始,技能3 LV7 消耗,技能3 LV7 持续,潜能2,潜能3,潜能4,潜能5,潜能6
黑键,6.0,术师,秘术师,Ebenholz,2022-06-09 16:00:00,远程位,70,23→25,1,3.0,732,1046,1359,1678,,611,873,1134,1400,150,51,87,120,135,,10,10,15,20,,渐快急板,自动回复,手动触发,5,19,5,荒芜回响,自动回复,自动触发,0,14,,寂静之声,自动回复,手动触发,8,22,30,部署费用-1,再部署时间-4秒,攻击力+52,第二天赋效果增强,部署费用-1
车尔尼,5.0,重装,驭法铁卫,Czerny,2022-06-09 16:00:00,近战位,80,23→25→27,3,1.6,1246,1685,2247,3122,200,262,375,500,625,40,231,341,461,577,,5,5,10,15,,纷飞十指,自动回复,手动触发,12,42,29,曲惊四座,自动回复,手动触发,6,34,20,,,,,,,部署费用-1,再部署时间-10秒,部署费用-1,天赋效果增强,部署费用-1
濯尘芙蓉,5.0,医疗,咒愈师,Hibiscus the Purifier,2022-06-09 16:00:00,远程位,,,,,826,1088,1296,1508,,178,293,408,511,60,47,69,87,109,,10,10,15,20,,攻击力强化·γ型,自动回复,手动触发,10,35,30,抚业之触,自动回复,手动触发,10,19,8,,,,,,,部署费用-1,再部署时间-4秒,攻击力+22,天赋效果增强,部署费用-1
埃拉托,5.0,狙击,攻城手,Erato,2022-05-19 16:00:00,远程位,70,21→23,1,2.4,811,1054,1318,1648,150,428,595,784,957,70,60,81,102,125,,0,0,0,0,,安眠旋律,自动回复,自动触发,0,9,,英雄赞歌,自动回复,手动触发,12,29,20,,,,,,,部署费用-1,再部署时间-4秒,攻击力+34,再部署时间-6秒,部署费用-1
归溟幽灵鲨,6.0,特种,傀儡师,Specter the Unchained,2022-05-01 16:00:00,近战位,,,,,1311,1749,2214,2803,,335,459,604,737,80,133,205,267,322,,0,0,0,0,,生存的技巧,自动回复,手动触发,15,40,25,生存的渴望,自动回复,手动触发,25,35,17,生存的重压,自动回复,手动触发,20,40,25,部署费用-1,再部署时间-4秒,攻击力+33,第二天赋效果增强,部署费用-1
艾丽妮,6.0,近卫,剑豪,Irene,2022-05-01 16:00:00,近战位,70,19→21→23,2,1.3,1236,1694,2201,2935,,249,367,484,621,80,151,214,282,349,20,0,0,0,0,,起风,攻击回复,自动触发,0,5,,裂潮,攻击回复,手动触发,0,10,,判决,攻击回复,手动触发,16,30,,部署费用-1,再部署时间-4秒,攻击力+23,第二天赋效果增强,部署费用-1
流明,6.0,医疗,疗养师,Lumen,2022-05-01 16:00:00,远程位,80,21→23,1,2.85,1000,1317,1569,1825,,189,311,432,540,45,48,70,88,111,30,10,10,10,10,,沐雨,自动回复,自动触发,0,11,,沛霖,自动回复,手动触发,5,16,,灯火不灭,自动回复,手动触发,0,57,,部署费用-1,再部署时间-10秒,部署费用-1,第二天赋效果增强,部署费用-1
掠风,5.0,辅助,工匠,Windflit,2022-05-01 16:00:00,近战位,70,14→16→18,2,1.5,1182,1620,2080,2600,,238,351,468,565,40,193,277,357,425,40,0,0,0,0,,此身为筑,自动回复,自动触发,0,7,,此身为源,自动回复,手动触发,30,50,15,,,,,,,部署费用-1,再部署时间-4秒,攻击力+25,天赋效果增强,部署费用-1
泥岩,6.0,重装,不屈者,Mudrock,2020-11-01 16:00:00,近战位,70,32→34→36,2→3→3,1.6,1677,2207,2867,3928,500,370,515,687,882,,229,347,463,602,60,10,10,10,10,,防御力强化·γ型,自动回复,手动触发,10,35,40,岩崩锤,受击回复,自动触发,0,5,,秽壤的血脉,自动回复,手动触发,12,29,30,部署费用-1,再部署时间-4秒,防御力+29,第一天赋效果增强,部署费用-1
白雪,4.0,狙击,炮手,ShiraYuki,2019-04-30 10:00:00,远程位,70,23→25→27,1,2.8,834,1043,1304,1630,,347,496,621,797,70,51,66,84,100,,0,0,0,0,,敌飙,自动回复,手动触发,10,22,25,凝武,自动回复,手动触发,0,29,25,,,,,,,部署费用-1,再部署时间-4秒,攻击力+30,再部署时间-6秒,部署费用-1
卡缇,3.0,重装,铁卫,Cardigan,2019-04-30 10:00:00,近战位,70,16→18,3,1.2,1197,1597,2130,——,300,190,244,305,——,,229,342,475,——,,0,0,0,——,,生命回复·α型,自动回复,手动触发,10,20,,,,,,,,,,,,,,部署费用-1,再部署时间-4秒,生命上限+200,再部署时间-6秒,部署费用-1
红云,4.0,狙击,速射手,Vermeil,2019-10-15 16:00:00,远程位,70,10→12,1,1.0,550,786,1008,1230,,166,277,397,485,65,57,95,136,162,,0,0,0,0,,攻击力强化·β型,自动回复,手动触发,5,37,25,双弦开弓,自动回复,手动触发,6,24,17,,,,,,,部署费用-1,再部署时间-4秒,攻击力+24,再部署时间-6秒,部署费用-1
铃兰,6.0,辅助,凝滞师,Suzuran,2020-07-09 16:00:00,远程位,70,14→16,1,1.9,673,922,1184,1480,,220,324,432,521,75,57,83,107,128,,15,15,20,25,,全力以赴,自动回复,自动触发,0,20,26,儿时的舞乐,自动回复,自动触发,0,92,,狐火渺然,自动回复,手动触发,46,70,29,部署费用-1,再部署时间-4秒,攻击力+25,第二天赋效果增强,部署费用-1
星极,5.0,近卫,术战者,Astesia,2019-09-10 16:00:00,近战位,70,19→21,1,1.25,1150,1514,1917,2523,,283,411,534,660,30,177,254,326,393,55,10,10,10,15,,星座守护,自动回复,手动触发,6,34,30,星辉剑,自动回复,手动触发,6,24,12,,,,,,,部署费用-1,再部署时间-4秒,防御力+23,再部署时间-6秒,部署费用-1
星极,5.0,近卫,术战者,Astesia,2019-09-10 16:00:00,近战位,70,19→21,1,1.25,1150,1514,1917,2523,,283,411,534,660,30,177,254,326,393,55,10,10,10,15,,星座守护,自动回复,手动触发,6,34,30,星辉剑,自动回复,手动触发,6,24,12,,,,,,,部署费用-1,再部署时间-4秒,防御力+23,再部署时间-6秒,部署费用-1
铸铁,5.0,近卫,术战者,Sideroca,2020-04-21 16:00:00,近战位,80,21→23,1,1.25,1297,1707,2162,2845,500,266,386,502,620,,166,238,306,369,,10,10,10,15,,生命回复·γ型,自动回复,手动触发,9,24,,破浪回神,自动回复,手动触发,10,34,27,,,,,,,部署费用-1,再部署时间-10秒,部署费用-1,天赋效果增强,部署费用-1
温蒂,6.0,特种,推击手,Weedy,2020-05-01 16:00:00,近战位,70,19→21,2,1.2,984,1313,1663,2133,,295,411,548,677,45,163,248,327,394,45,0,0,0,0,,炮管敲击,自动回复,自动触发,0,6,,水炮模式,自动回复,自动触发,0,78,,液氮大炮,自动回复,手动触发,16,37,,部署费用-1,再部署时间-4秒,攻击速度+8,生命上限+140,部署费用-1
贾维,5.0,先锋,尖兵,Chiave,2020-07-28 16:00:00,近战位,70,11→13,2,1.05,679,931,1276,1824,,212,312,428,522,70,138,207,273,342,,0,0,0,0,,冲锋号令·γ型,自动回复,自动触发,14,38,,火焰剥离,自动回复,手动触发,31,45,,,,,,,,部署费用-1,再部署时间-4秒,攻击力+24,天赋效果增强,部署费用-1
风笛,6.0,先锋,冲锋手,Bagpipe,2020-03-17 16:00:00,近战位,70,11→13,1,1.0,975,1355,1738,2484,,250,369,492,586,85,173,241,313,382,,0,0,0,0,,迅捷打击·γ型,自动回复,手动触发,10,39,35,高效冲击,自动回复,自动触发,0,5,,闭膛连发,自动回复,手动触发,15,40,20,部署费用-1,第一天赋效果增强,攻击力+25,第二天赋效果增强,部署费用-1
阿米娅,5.0,术师,中坚术师,Amiya,2019-04-30 10:00:00,远程位,,,,,699,958,1198,1480,200,276,390,514,612,70,48,81,110,121,,10,10,15,20,,战术咏唱·γ型,自动回复,手动触发,10,32,30,精神爆发,自动回复,自动触发,0,100,25,奇美拉,自动回复,手动触发,0,120,30,生命上限+200,部署费用-1,攻击力+30,部署费用-1,天赋效果增强
布洛卡,5.0,近卫,强攻手,Broca,2019-12-10 16:00:00,近战位,70,19→21→23,2→2→3,1.2,1064,1365,1751,2335,,308,428,579,762,80,155,222,300,366,,0,0,0,0,,通电,自动回复,手动触发,10,50,27,高压电流,自动回复,手动触发,16,39,25,,,,,,,部署费用-1,再部署时间-4秒,攻击力+28,天赋效果增强,部署费用-1
霜叶,4.0,近卫,领主,Frostleaf,2019-04-30 10:00:00,近战位,70,16→18,2,1.3,949,1356,1785,2260,,272,400,534,660,,154,211,268,323,55,5,5,10,10,,寒霜枪刃,自动回复,自动触发,0,4,,凝冰枪刃,自动回复,手动触发,0,54,25,,,,,,,部署费用-1,再部署时间-4秒,攻击速度+8,再部署时间-6秒,部署费用-1
早露,6.0,狙击,攻城手,Роса,2020-06-18 16:00:00,远程位,70,22→24,1,2.4,800,1067,1351,1755,,492,684,856,1032,110,60,80,100,122,,0,0,0,0,,攻击力强化·γ型,自动回复,手动触发,10,35,30,分裂射击,自动回复,手动触发,45,80,60,雪崩击,自动回复,手动触发,12,34,7,部署费用-1,再部署时间-4秒,攻击力+34,第二天赋效果增强,部署费用-1
猎蜂,4.0,近卫,斗士,Beehunter,2019-05-30 10:00:00,近战位,70,7→9,1,0.78,1151,1556,1996,2435,,211,311,415,513,60,131,191,262,312,,0,0,0,0,,高机动,被动,,0,0,,急速拳,自动回复,手动触发,0,30,10,,,,,,,部署费用-1,再部署时间-4秒,生命上限+180,天赋效果增强,部署费用-1
赫拉格,6.0,近卫,武者,Hellagur,2019-09-10 16:00:00,近战位,70,22→24→26,1,1.2,1568,2179,2868,3825,400,340,486,632,762,70,160,220,283,334,,0,0,0,0,,新月,攻击回复,自动触发,0,3,,弦月,自动回复,手动触发,10,29,12,满月,自动回复,手动触发,15,41,14,部署费用-1,再部署时间-4秒,攻击力+26,第二天赋效果增强,部署费用-1
拉普兰德,5.0,近卫,领主,Lappland,2019-04-30 10:00:00,近战位,70,17→19,2,1.3,987,1410,1856,2350,,285,426,554,685,75,173,238,302,365,,10,10,10,15,,日晷,攻击回复,自动触发,0,33,,狼魂,攻击回复,自动触发,0,24,17,,,,,,,部署费用-1,再部署时间-4秒,攻击力+25,天赋效果增强,部署费用-1
斯卡蒂,6.0,近卫,无畏者,Skadi,2019-05-30 10:00:00,近战位,,,,,1521,2174,2938,3866,,452,665,842,1015,80,116,167,220,263,40,0,0,0,0,,迅捷打击·γ型,自动回复,手动触发,10,39,35,跃浪击,被动,,0,0,,涌潮悲歌,自动回复,手动触发,60,90,41,部署费用-1,再部署时间-4秒,攻击力+33,第一天赋效果增强,部署费用-1
棘刺,6.0,近卫,领主,Thorns,2020-08-11 16:00:00,近战位,70,18→20,2,1.3,1096,1567,2063,2612,,296,442,575,711,30,191,263,333,402,70,5,5,10,10,,攻击力强化·γ型,自动回复,手动触发,10,35,30,护身尖刺,自动回复,手动触发,10,29,36,至高之术,攻击回复,手动触发,0,15,30,部署费用-1,第二天赋效果增强,攻击力+26,第一天赋效果增强,部署费用-1
真理,5.0,辅助,凝滞师,Истина,2019-04-30 10:00:00,远程位,70,13→15,1,1.9,581,797,1024,1280,,218,321,429,518,65,46,67,87,104,,10,10,15,20,,专心致志,自动回复,手动触发,20,44,26,文学风暴,自动回复,手动触发,20,50,25,,,,,,,部署费用-1,再部署时间-4秒,攻击力+23,天赋效果增强,部署费用-1
安洁莉娜,6.0,辅助,凝滞师,Angelina,2019-04-30 10:00:00,远程位,70,14→16,1,1.9,629,863,1108,1385,,228,336,449,542,75,53,77,100,120,,15,15,20,25,,秘杖·速充模式,攻击回复,自动触发,0,10,30,秘杖·微粒模式,自动回复,手动触发,6,20,26,秘杖·反重力模式,自动回复,手动触发,6,25,18,部署费用-1,第二天赋效果增强,攻击力+25,部署费用-1,第一天赋效果增强
斑点,3.0,重装,守护者,Spot,2019-07-09 16:00:00,近战位,70,15→17,2→3,1.2,1057,1429,1833,——,,165,236,320,——,30,225,331,442,——,30,10,10,10,——,,次级治疗模式,自动回复,手动触发,25,40,25,,,,,,,,,,,,,部署费用-1,再部署时间-4秒,防御力+24,天赋效果增强,部署费用-1
伊桑,4.0,特种,伏击客,Ethan,2019-11-01 04:00:00,近战位,70,17→19,0,3.5,730,1014,1300,1530,450,346,468,601,742,,139,214,279,337,,10,10,20,30,,花式回旋,被动,,0,0,,十字悬挂,自动回复,手动触发,0,25,24,,,,,,,部署费用-1,再部署时间-4秒,生命上限+150,再部署时间-6秒,部署费用-1
断崖,5.0,近卫,领主,Ayerscarpe,2020-07-09 16:00:00,近战位,70,17→19,2,1.3,1016,1452,1911,2420,,279,417,542,670,75,178,245,311,375,,5,5,10,10,,多导向散射弹丸,攻击回复,自动触发,0,4,,浮游刃启动,自动回复,手动触发,21,53,21,,,,,,,部署费用-1,再部署时间-4秒,攻击力+26,天赋效果增强,部署费用-1
断罪者,4.0,近卫,无畏者,Conviction,2020-04-01 16:00:00,近战位,70,14→16,1,1.5,1449,1932,2577,3483,222,402,601,771,929,22,74,107,139,166,22,0,0,0,0,,断罪,自动回复,自动触发,0,5,,创世纪,自动回复,手动触发,2,17,,,,,,,,,天启,精英0,宿舍,进驻宿舍时，使该宿舍内除自身以外心情未满的某个干员每小时恢复
黑,6.0,狙击,重射手,Schwarz,2019-08-27 16:00:00,远程位,70,16→18→20,1,1.6,781,1086,1393,1833,,357,490,646,840,100,86,123,164,225,,0,0,0,0,,强弩,攻击回复,自动触发,0,4,,暮眼锐瞳,自动回复,手动触发,16,34,36,战术的终结,自动回复,手动触发,9,29,21,部署费用-1,再部署时间-4秒,攻击力+30,部署费用-1,第二天赋效果增强
槐琥,5.0,特种,处决者,Waai Fu,2019-11-19 16:00:00,近战位,18,7→9,1,0.93,680,907,1134,1455,,207,305,418,536,50,137,196,255,304,30,0,0,0,0,,寸劲,被动,,0,0,10,七武掠阵踢,被动,,0,0,,,,,,,,部署费用-1,防御力+19,再部署时间-2秒,天赋效果增强,部署费用-1
石棉,5.0,重装,驭法铁卫,Asbestos,2020-06-02 16:00:00,近战位,70,21→23→25,3,1.6,1252,1692,2257,3135,,265,379,506,633,40,223,328,444,555,40,5,5,10,15,,固守模式,自动回复,手动触发,0,24,20,火电模式,自动回复,手动触发,22,54,46,,,,,,,部署费用-1,再部署时间-4秒,生命上限+210,再部署时间-6秒,部署费用-1
翎羽,3.0,先锋,冲锋手,Plume,2019-04-30 10:00:00,近战位,70,8→10,1,1.0,688,956,1226,——,,229,333,445,——,50,148,212,279,——,,0,0,0,——,,迅捷打击·α型,自动回复,手动触发,0,45,25,,,,,,,,,,,,,部署费用-1,再部署时间-4秒,攻击力+21,再部署时间-6秒,部署费用-1
微风,5.0,医疗,群愈师,Breeze,2019-11-01 04:00:00,远程位,70,15→17,1,2.85,745,1008,1260,1595,200,125,202,274,343,30,72,97,126,153,,0,0,0,0,,集束疗法,自动回复,手动触发,20,34,31,扩散疗法,自动回复,手动触发,48,80,41,,,,,,,部署费用-1,再部署时间-4秒,攻击力+20,再部署时间-6秒,部署费用-1
砾,4.0,特种,处决者,Gravel,2019-04-30 10:00:00,近战位,18,6→8,1,0.93,663,885,1107,1420,300,176,256,352,452,,151,216,281,335,,0,0,0,0,,影袭,被动,,0,0,,鼠群,被动,,0,0,,,,,,,,部署费用-1,生命上限+160,再部署时间-2秒,天赋效果增强,部署费用-1
拜松,5.0,重装,铁卫,Bison,2019-11-19 16:00:00,近战位,80,20→22→24,3,1.2,1475,1941,2522,3456,,198,254,318,375,,245,367,504,701,80,0,0,0,0,,防御力强化·γ型,自动回复,手动触发,10,35,40,深化阵线,自动回复,手动触发,16,54,40,,,,,,,部署费用-1,再部署时间-10秒,部署费用-1,天赋效果增强,部署费用-1
格雷伊,4.0,术师,扩散术师,Greyy,2019-07-09 16:00:00,远程位,70,29→32,1,2.9,629,899,1168,1537,300,324,457,587,699,,52,79,109,130,,10,10,15,20,,战术咏唱·β型,自动回复,手动触发,5,37,25,静电释放,自动回复,手动触发,0,60,26,,,,,,,部署费用-1,再部署时间-4秒,攻击速度+6,再部署时间-6秒,部署费用-1
森蚺,6.0,重装,决战者,Eunectes,2020-08-25 16:00:00,近战位,70,29→31→33,1,1.6,1882,2614,3440,4468,,462,651,835,1007,70,247,364,492,615,70,0,0,0,0,,轻型挂斧,被动,,0,0,,震慑劈砍,自动回复,手动触发,12,32,17,钢铁意志,自动回复,手动触发,22,49,32,部署费用-1,再部署时间-4秒,防御力+27,第一天赋效果增强,部署费用-1
深靛,4.0,术师,秘术师,Indigo,2021-06-01 16:00:00,远程位,70,21→23,1,3.0,625,894,1162,1435,,486,695,903,1116,100,44,75,104,117,,20,20,20,20,,灯塔守卫者,自动回复,手动触发,5,19,4,光影迷宫,自动回复,手动触发,15,44,20,,,,,,,部署费用-1,再部署时间-4秒,攻击力+36,天赋效果增强,部署费用-1
清流,4.0,医疗,疗养师,Purestream,2020-03-03 04:00:00,远程位,80,17→19,1,2.85,748,985,1173,1365,150,159,261,363,454,35,51,75,94,118,,10,10,10,10,,治愈水波,自动回复,手动触发,10,24,,涌泉,自动回复,手动触发,20,64,25,,,,,,,部署费用-1,再部署时间-4秒,攻击力+23,再部署时间-6秒,部署费用-1
杰克,4.0,近卫,斗士,Jackie,2020-11-01 16:00:00,近战位,70,7→9,1,0.78,1124,1520,1949,2378,,218,321,428,529,60,129,188,258,308,,0,0,0,0,,给你一拳！,攻击回复,自动触发,0,3,,全神贯注！,自动回复,手动触发,15,35,15,,,,,,,部署费用-1,再部署时间-4秒,攻击力+21,天赋效果增强,部署费用-1
蛇屠箱,4.0,重装,铁卫,Cuora,2019-04-30 10:00:00,近战位,70,17→19→21,3,1.2,1221,1629,2173,3105,,193,248,310,365,,249,372,503,690,75,0,0,0,0,,防御力强化·β型,自动回复,手动触发,5,38,35,壳状防御,自动回复,手动触发,0,40,30,,,,,,,部署费用-1,再部署时间-4秒,防御力+27,再部署时间-6秒,部署费用-1
松果,4.0,狙击,散射手,Pinecone,2020-12-17 16:00:00,远程位,70,27→30,1,2.3,977,1303,1650,2200,,303,434,560,667,55,90,118,150,167,,0,0,0,0,,RMA长钉,自动回复,手动触发,0,10,,电能过载,自动回复,自动触发,0,30,20,,,,,,,部署费用-1,再部署时间-4秒,攻击力+28,天赋效果增强,部署费用-1
古米,4.0,重装,守护者,Гум,2019-04-30 10:00:00,近战位,70,16→18→20,2→3→3,1.2,1059,1432,1836,2550,400,179,257,348,435,,234,345,460,562,,10,10,10,10,,备用军粮,自动回复,自动触发,0,5,,食粮烹制,自动回复,手动触发,14,34,30,,,,,,,部署费用-1,再部署时间-4秒,攻击力+21,天赋效果增强,部署费用-1
苦艾,5.0,术师,中坚术师,Absinthe,2020-06-18 16:00:00,远程位,80,20→22,1,1.6,619,885,1150,1420,,286,403,531,633,70,47,80,111,124,,10,10,15,20,,执法模式,自动回复,自动触发,0,78,,终结连射,自动回复,手动触发,19,54,27,,,,,,,部署费用-1,再部署时间-10秒,部署费用-1,天赋效果增强,部署费用-1
梅,4.0,狙击,速射手,May,2019-11-19 16:00:00,远程位,70,10→12,1,1.0,730,1043,1338,1632,,163,273,391,478,65,36,61,88,105,,0,0,0,0,,麻痹弹,攻击回复,自动触发,0,4,,束缚电击,自动回复,手动触发,0,24,27,,,,,,,部署费用-1,再部署时间-4秒,攻击力+23,天赋效果增强,部署费用-1
卡夫卡,5.0,特种,处决者,Kafka,2020-12-17 16:00:00,近战位,18,7→9,1,0.93,783,1044,1306,1675,350,202,298,409,525,,140,200,261,311,,0,0,0,0,,怪异魔方,被动,,0,0,,诡异剪刀,被动,,0,0,,,,,,,,部署费用-1,生命上限+150,再部署时间-2秒,天赋效果增强,部署费用-1
安赛尔,3.0,医疗,医师,Ansel,2019-04-30 10:00:00,远程位,70,15→17,1,2.85,634,907,1135,——,,156,257,362,——,45,60,81,109,——,,0,0,0,——,,治疗范围强化,自动回复,手动触发,10,35,25,,,,,,,,,,,,,部署费用-1,再部署时间-4秒,攻击力+20,天赋效果增强,部署费用-1
炎狱炎熔,5.0,术师,扩散术师,Lava the Purgatory,2021-02-05 16:00:00,远程位,,,,,692,962,1203,1543,,370,522,670,798,90,46,70,96,115,,10,10,15,20,,焰淬匕首,自动回复,手动触发,10,54,31,狱火之环,自动回复,手动触发,30,74,36,,,,,,,部署费用-1,再部署时间-10秒,部署费用-1,天赋效果增强,部署费用-1
米格鲁,3.0,重装,铁卫,Beagle,2019-04-30 10:00:00,近战位,70,16→18,3,1.2,1144,1526,2035,——,,184,236,295,——,,242,362,490,——,60,0,0,0,——,,防御力强化·α型,自动回复,手动触发,0,40,30,,,,,,,,,,,,,部署费用-1,再部署时间-4秒,防御力+28,再部署时间-6秒,部署费用-1
贝娜,5.0,特种,傀儡师,Bena,2021-06-01 16:00:00,近战位,80,15→17,2,1.2,1139,1519,1923,2435,100,309,424,559,682,60,130,200,261,315,,0,0,0,0,,奋力修剪,自动回复,手动触发,20,39,20,快速修剪,自动回复,手动触发,18,25,22,,,,,,,部署费用-1,再部署时间-10秒,部署费用-1,天赋效果增强,部署费用-1
瑕光,6.0,重装,守护者,Blemishine,2020-10-15 16:00:00,近战位,70,18→20→22,2→3→3,1.2,1346,1820,2334,3242,,207,297,402,491,90,242,357,476,581,20,10,10,10,10,,光芒涌动,自动回复,自动触发,0,5,,慑敌辉光,受击回复,手动触发,0,16,10,先贤化身,受击回复,手动触发,15,28,26,部署费用-1,再部署时间-4秒,攻击力+26,第二天赋效果增强,部署费用-1
绮良,5.0,特种,伏击客,Kirara,2021-06-01 16:00:00,近战位,70,18→20,0,3.5,849,1180,1513,1780,200,372,503,646,798,60,141,217,282,340,,10,10,20,30,,锚击,攻击回复,自动触发,0,3,,锚点捕捉,自动回复,手动触发,5,30,8,,,,,,,部署费用-1,再部署时间-4秒,攻击力+30,天赋效果增强,部署费用-1
战车,5.0,近卫,剑豪,Tachanka,2021-03-09 16:00:00,近战位,80,20→22→24,2,1.3,1121,1536,1995,2626,,253,368,478,621,40,135,194,253,309,40,0,0,0,0,,燃烧榴弹,攻击回复,手动触发,0,19,,倾泻弹药,攻击回复,手动触发,0,29,4,,,,,,,部署费用-1,再部署时间-10秒,部署费用-1,天赋效果增强,部署费用-1
泡普卡,3.0,近卫,强攻手,Popukar,2019-07-09 16:00:00,近战位,70,17→19,2,1.2,1130,1449,1858,——,,263,366,495,——,50,126,181,245,——,,0,0,0,——,,攻击力强化·α型,自动回复,手动触发,0,40,20,,,,,,,,,,,,,部署费用-1,再部署时间-4秒,攻击力+23,天赋效果增强,部署费用-1
燧石,5.0,近卫,斗士,Flint,2020-08-25 16:00:00,近战位,70,8→10,1,0.78,1180,1595,2045,2495,,224,330,441,545,75,144,207,280,334,,0,0,0,0,,不息,攻击回复,自动触发,0,4,,锋芒毕露,自动回复,手动触发,21,35,20,,,,,,,部署费用-1,再部署时间-4秒,攻击力+24,天赋效果增强,部署费用-1
普罗旺斯,5.0,狙击,重射手,Provence,2019-04-30 10:00:00,远程位,70,15→17→19,1,1.6,716,995,1276,1680,,332,456,601,781,90,81,117,156,215,,0,0,0,0,,狼眼,被动,,0,0,,杀戮嗅觉,自动回复,手动触发,0,30,30,,,,,,,部署费用-1,再部署时间-4秒,攻击力+30,天赋效果增强,部署费用-1
桃金娘,4.0,先锋,执旗手,Myrtle,2019-09-10 16:00:00,近战位,70,8→10,1,1.3,658,902,1142,1565,,231,331,436,520,,138,193,255,300,50,0,0,0,0,,支援号令·β型,自动回复,手动触发,10,25,8,治愈之翼,自动回复,手动触发,7,27,16,,,,,,,部署费用-1,再部署时间-4秒,防御力+22,天赋效果增强,部署费用-1
山,6.0,近卫,斗士,Mountain,2020-12-17 16:00:00,近战位,70,9→11,1,0.78,1298,1755,2250,2745,,242,356,475,587,45,154,221,299,357,45,0,0,0,0,,左勾扫拳,攻击回复,自动触发,0,4,,横扫架势,自动回复,手动触发,0,8,,震地碎岩击,自动回复,手动触发,25,44,27,部署费用-1,再部署时间-4秒,攻击力+24,第一天赋效果增强,部署费用-1
格劳克斯,5.0,辅助,凝滞师,Glaucus,2019-08-27 16:00:00,远程位,70,13→15,1,1.9,592,800,1013,1267,300,213,314,419,505,35,45,65,84,100,,10,10,15,20,,双线装填,自动回复,手动触发,12,35,22,反制电磁脉冲,自动回复,手动触发,16,34,,,,,,,,部署费用-1,再部署时间-4秒,攻击力+23,天赋效果增强,部署费用-1
泡泡,4.0,重装,铁卫,Bubble,2020-10-15 16:00:00,近战位,70,17→19→21,3,1.2,1344,1793,2391,3416,,195,251,314,370,,232,347,470,645,75,0,0,0,0,,防御力强化·β型,自动回复,手动触发,5,38,35,“挨打”,自动回复,手动触发,0,49,25,,,,,,,部署费用-1,再部署时间-4秒,防御力+25,再部署时间-6秒,部署费用-1
宴,4.0,近卫,武者,Utage,2020-03-17 16:00:00,近战位,70,20→22→24,1,1.2,1413,1963,2583,3444,,309,442,575,693,30,150,206,265,312,40,0,0,0,0,,分神,自动回复,手动触发,6,15,8,落地斩·破门,被动,,0,0,,,,,,,,部署费用-1,再部署时间-4秒,攻击力+23,再部署时间-6秒,部署费用-1
夜莺,6.0,医疗,群愈师,Nightingale,2019-04-30 10:00:00,远程位,70,16→18,1,2.85,796,1076,1346,1705,,132,210,280,350,70,80,107,140,169,,5,5,5,5,,治疗强化·γ型,自动回复,手动触发,20,32,30,法术护盾,自动回复,自动触发,0,10,,圣域,自动回复,手动触发,110,120,60,部署费用-1,再部署时间-4秒,法术抗性+10,第一天赋效果增强,部署费用-1
薄绿,5.0,术师,阵法术师,Mint,2020-09-24 16:00:00,远程位,80,23→25,1,2.0,1020,1275,1594,1945,,377,503,629,732,75,125,146,170,196,15,15,15,15,15,,风语,自动回复,手动触发,8,26,17,聚能涡旋,自动回复,手动触发,12,31,20,,,,,,,部署费用-1,再部署时间-10秒,部署费用-1,天赋效果增强,部署费用-1
浊心斯卡蒂,6.0,辅助,吟游者,Skadi the Corrupting Heart,2021-05-01 16:00:00,远程位,,,,,613,877,1202,1603,,145,228,305,368,50,93,139,186,233,30,0,0,0,0,,同归殊途之吟,自动回复,手动触发,30,54,30,同葬无光之愿,自动回复,自动触发,0,64,,"""潮涌，潮枯""",自动回复,手动触发,15,38,20,部署费用-1,再部署时间-6秒,攻击力+27,第二天赋效果增强,部署费用-1
伊芙利特,6.0,术师,轰击术师,Ifrit,2019-04-30 10:00:00,远程位,70,31→34,1,2.9,687,982,1276,1680,,377,563,722,870,110,52,79,109,130,,10,10,15,20,,狂热,自动回复,手动触发,15,44,20,炎爆,自动回复,自动触发,0,8,,灼地,自动回复,手动触发,0,31,20,部署费用-1,第一天赋效果增强,攻击力+35,部署费用-1,第二天赋效果增强
乌有,5.0,特种,行商,Mr.Nothing,2021-02-05 16:00:00,近战位,25,6→8,1,1.0,1165,1534,1894,2398,200,346,474,601,725,40,204,262,336,396,,0,0,0,0,,知难而退,自动回复,自动触发,0,8,5,阴晴圆缺,自动回复,手动触发,0,5,,,,,,,,部署费用-1,再部署时间-3秒,攻击力+25,天赋效果增强,部署费用-1
巡林者,2.0,狙击,速射手,Rangers,2019-04-30 10:00:00,远程位,70,7,1,1.0,546,780,——,——,,161,269,——,——,30,46,66,——,——,,0,0,——,——,,,,,,,,,,,,,,,,,,,,部署费用-1,攻击速度+6,攻击速度+6,再部署时间-5秒,部署费用-1
刻刀,4.0,近卫,剑豪,Cutter,2020-04-21 16:00:00,近战位,70,17→19→21,2,1.3,990,1357,1763,2320,,233,338,439,571,70,142,204,266,325,,0,0,0,0,,红移,攻击回复,手动触发,5,14,,绯红刺刀,攻击回复,手动触发,2,15,,,,,,,,部署费用-1,再部署时间-4秒,攻击力+21,天赋效果增强,部署费用-1
波登可,4.0,辅助,凝滞师,Podenco,2020-06-18 16:00:00,远程位,70,12→14,1,1.9,528,724,930,1163,,208,306,408,492,50,43,62,80,96,,10,10,15,20,,花香疗法,自动回复,手动触发,6,29,22,孢子扩散,自动回复,手动触发,10,29,,,,,,,,部署费用-1,再部署时间-4秒,攻击力+21,天赋效果增强,部署费用-1
空,5.0,辅助,吟游者,Sora,2019-04-30 10:00:00,远程位,70,5→7,1,1.0,519,742,1017,1356,,133,208,278,335,50,95,142,190,238,20,0,0,0,0,,睡眠之歌,自动回复,手动触发,40,60,7,战斗之歌,自动回复,手动触发,20,45,20,,,,,,,部署费用-1,再部署时间-4秒,生命上限+140,再部署时间-6秒,部署费用-1
红,5.0,特种,处决者,Projekt Red,2019-04-30 10:00:00,近战位,18,7→9,1,0.93,703,938,1173,1505,,204,301,413,530,75,135,194,253,302,,0,0,0,0,,处决模式,被动,,0,0,10,狼群,被动,,0,0,,,,,,,,部署费用-1,攻击力+20,再部署时间-2秒,天赋效果增强,部署费用-1
芙蓉,3.0,医疗,医师,Hibiscus,2019-04-30 10:00:00,远程位,,,,,682,975,1220,——,,153,248,345,——,45,61,82,110,——,,0,0,0,——,,治疗强化·α型,自动回复,手动触发,0,30,20,,,,,,,,,,,,,部署费用-1,再部署时间-4秒,攻击力+18,再部署时间-6秒,部署费用-1
灵知,6.0,辅助,削弱者,Gnosis,2021-12-21 16:00:00,远程位,70,11→13,1,1.6,798,1174,1587,2035,,205,294,377,455,80,61,88,116,132,,15,15,20,25,,高速思考,自动回复,自动触发,0,4,,零度爆发,自动回复,手动触发,0,7,,失温症,自动回复,手动触发,25,44,10,部署费用-1,再部署时间-4秒,攻击力+33,第一天赋效果增强,部署费用-1
凛冬,5.0,先锋,尖兵,Зима,2019-04-30 10:00:00,近战位,70,11→13,2,1.05,812,1128,1505,2150,,183,274,376,470,,147,211,290,350,70,0,0,0,0,,冲锋号令·γ型,自动回复,自动触发,14,38,,乌萨斯战吼,自动回复,手动触发,14,39,10,,,,,,,部署费用-1,再部署时间-4秒,防御力+24,再部署时间-6秒,部署费用-1
流星,4.0,狙击,速射手,Meteor,2019-04-30 10:00:00,远程位,70,10→12,1,1.0,612,875,1123,1370,,159,266,381,465,65,58,97,139,165,,0,0,0,0,,碎甲击,攻击回复,自动触发,0,4,,碎甲击·扩散,攻击回复,手动触发,0,18,,,,,,,,部署费用-1,再部署时间-4秒,攻击力+23,天赋效果增强,部署费用-1
天火,5.0,术师,扩散术师,Skyfire,2019-04-30 10:00:00,远程位,70,30→33,1,2.9,727,1010,1263,1620,,364,513,658,784,90,48,74,102,122,,10,10,15,20,,攻击力强化·γ型,自动回复,手动触发,10,35,30,天坠之火,自动回复,手动触发,0,29,31,,,,,,,部署费用-1,再部署时间-4秒,攻击力+33,天赋效果增强,部署费用-1
黑角,2.0,重装,铁卫,Noir Corne,2019-04-30 10:00:00,近战位,70,14,3,1.2,1219,1670,——,——,,180,240,——,——,,220,315,——,——,40,0,0,——,——,,,,,,,,,,,,,,,,,,,,部署费用-1,生命上限+45,再部署时间-5秒,生命上限+45,部署费用-1
暗索,4.0,特种,钩索师,Rope,2019-04-30 10:00:00,近战位,70,10→12,2,1.8,744,1006,1307,1720,,313,448,582,728,,142,209,276,325,60,0,0,0,0,,勾爪发射,自动回复,自动触发,0,5,,复式勾爪,自动回复,手动触发,10,19,,,,,,,,部署费用-1,再部署时间-4秒,防御力+22,天赋效果增强,部署费用-1
白金,5.0,狙击,速射手,Platinum,2019-04-30 10:00:00,远程位,70,11→13,1,1.0,693,991,1271,1550,,171,285,414,505,75,58,97,139,165,,0,0,0,0,,攻击力强化·γ型,自动回复,手动触发,10,35,30,天马视域,自动回复,自动触发,0,63,,,,,,,,部署费用-1,再部署时间-4秒,攻击力+23,天赋效果增强,部署费用-1
暴行,5.0,近卫,强攻手,Savage,2019-04-30 10:00:00,近战位,70,18→20→22,2→2→3,1.2,1108,1421,1822,2430,,284,395,535,705,,135,193,262,320,40,0,0,0,0,,强力击·β型,攻击回复,自动触发,0,4,,微差爆破,攻击回复,手动触发,0,19,,,,,,,,攻击力+35,生命上限+250,防御力+35,,
克洛丝,3.0,狙击,速射手,Kroos,2019-04-30 10:00:00,远程位,,,,,545,826,1060,——,,154,258,375,——,50,52,88,126,——,,0,0,0,——,,二连射·自动,攻击回复,自动触发,0,4,,,,,,,,,,,,,,部署费用-1,再部署时间-4秒,攻击力+21,天赋效果增强,部署费用-1
狮蝎,5.0,特种,伏击客,Manticore,2019-04-30 10:00:00,近战位,70,18→20,0,3.5,777,1080,1385,1630,,378,511,656,811,60,141,218,284,343,30,10,10,20,30,,蝎毒,被动,,0,0,,蓄力毒尾击,自动回复,手动触发,5,20,37,,,,,,,部署费用-1,再部署时间-4秒,攻击力+30,天赋效果增强,部署费用-1
吽,5.0,重装,守护者,Hung,2020-01-16 16:00:00,近战位,70,17→19→21,2→3→3,1.2,1172,1584,2032,2823,200,182,261,353,442,,244,359,479,585,60,10,10,10,10,,反制治疗,受击回复,自动触发,2,5,,反制医疗模式,受击回复,手动触发,12,23,24,,,,,,,部署费用-1,再部署时间-4秒,防御力+25,天赋效果增强,部署费用-1
爱丽丝,5.0,术师,秘术师,Iris,2021-01-05 16:00:00,远程位,70,22→24,1,3.0,669,957,1243,1535,,548,784,1019,1259,130,48,81,112,125,,10,10,15,20,,童话守卫者,自动回复,手动触发,5,19,5,梦乡摇篮,自动回复,手动触发,10,34,,,,,,,,部署费用-1,再部署时间-4秒,攻击力+45,天赋效果增强,部署费用-1
嘉维尔,4.0,医疗,医师,Gavial,2019-04-30 10:00:00,远程位,70,16→18,1,2.85,851,1167,1374,1580,,159,262,364,450,30,66,96,121,152,30,0,0,0,0,,活力再生,自动回复,自动触发,0,9,,活力再生·广域,自动回复,手动触发,40,60,,,,,,,,部署费用-1,再部署时间-4秒,攻击力+23,天赋效果增强,部署费用-1
赤冬,5.0,近卫,武者,Akafuyu,2021-05-01 16:00:00,近战位,70,21→23→25,1,1.2,1491,2071,2726,3635,,325,465,604,728,30,157,216,278,328,55,0,0,0,0,,信影流·雷刀之势,自动回复,手动触发,0,19,12,信影流·十文字胜,自动回复,手动触发,15,28,20,,,,,,,部署费用-1,再部署时间-4秒,防御力+23,再部署时间-6秒,部署费用-1
可颂,5.0,重装,铁卫,Croissant,2019-04-30 10:00:00,近战位,70,18→20→22,3,1.2,1503,1978,2569,3520,150,201,258,323,380,,249,373,511,710,60,0,0,0,0,,自动防御,自动回复,自动触发,8,24,26,磁爆锤,受击回复,手动触发,0,20,,,,,,,,部署费用-1,再部署时间-4秒,防御力+26,天赋效果增强,部署费用-1
苇草,5.0,先锋,冲锋手,Reed,2019-12-10 16:00:00,近战位,70,10→12,1,1.0,870,1209,1550,2215,,240,354,472,562,70,164,229,298,364,,0,0,0,0,,迅捷打击·γ型,自动回复,手动触发,10,39,35,生灵火花,自动回复,手动触发,16,38,26,,,,,,,部署费用-1,再部署时间-4秒,攻击力+25,再部署时间-6秒,部署费用-1
极境,5.0,先锋,执旗手,Elysium,2020-05-01 16:00:00,近战位,70,9→11,1,1.3,702,962,1218,1669,,237,339,447,533,,154,215,284,335,60,0,0,0,0,,支援号令·γ型,自动回复,手动触发,12,29,8,聆听,自动回复,手动触发,10,34,15,,,,,,,部署费用-1,再部署时间-4秒,防御力+23,天赋效果增强,部署费用-1
食铁兽,5.0,特种,推击手,FEater,2019-04-30 10:00:00,近战位,70,18→20,2,1.2,852,1136,1439,1845,300,279,388,518,640,45,158,240,317,382,,0,0,0,0,,铁意六合,自动回复,自动触发,0,6,,崩拳式,自动回复,手动触发,0,18,,,,,,,,部署费用-1,再部署时间-4秒,攻击速度+8,天赋效果增强,部署费用-1
12F,2.0,术师,扩散术师,12F,2019-04-30 10:00:00,远程位,70,24,1,2.9,1461,1461,——,——,,302,432,——,——,50,31,50,——,——,,10,10,——,——,,,,,,,,,,,,,,,,,,,,部署费用-1,攻击力+12,再部署时间-5秒,攻击力+12,部署费用-1
月见夜,3.0,近卫,领主,Midnight,2019-05-30 10:00:00,近战位,70,14→16,2,1.3,879,1256,1653,——,,252,372,497,——,50,162,222,282,——,,5,5,10,——,,武器附魔·α型,自动回复,手动触发,30,70,40,,,,,,,,,,,,,部署费用-1,再部署时间-4秒,攻击力+22,天赋效果增强,部署费用-1
雷蛇,5.0,重装,铁卫,Liskarm,2019-04-30 10:00:00,近战位,70,18→20→22,3,1.2,1307,1743,2324,3240,,219,281,352,425,45,256,383,518,710,45,0,0,0,0,,充能防御,受击回复,自动触发,0,20,,反击电弧,受击回复,手动触发,0,38,20,,,,,,,部署费用-1,再部署时间-4秒,防御力+27,天赋效果增强,部署费用-1
暴雨,5.0,重装,铁卫,Heavyrain,2021-04-15 16:00:00,近战位,80,20→22→24,3,1.2,1443,1899,2467,3380,350,199,256,321,378,,253,378,519,721,35,0,0,0,0,,应急迷彩,自动回复,自动触发,0,5,4,群体迷彩,自动回复,手动触发,25,48,17,,,,,,,部署费用-1,再部署时间-10秒,部署费用-1,天赋效果增强,部署费用-1
罗宾,5.0,特种,陷阱师,Robin,2020-12-17 16:00:00,远程位,80,11→13,1,0.85,674,899,1139,1442,200,232,319,420,513,40,68,104,137,166,,0,0,0,0,,束缚“夹子”,自动回复,自动触发,0,16,,弹射“夹子”,自动回复,自动触发,0,16,,,,,,,,部署费用-1,再部署时间-10秒,部署费用-1,天赋效果增强,部署费用-1
讯使,4.0,先锋,尖兵,Courier,2019-04-30 10:00:00,近战位,70,10→12,2,1.05,758,1083,1389,1985,,170,254,348,435,,137,196,273,322,60,0,0,0,0,,冲锋号令·β型,自动回复,自动触发,10,33,,冲锋号令·防御,自动回复,手动触发,14,34,15,,,,,,,部署费用-1,再部署时间-4秒,防御力+23,天赋效果增强,部署费用-1
夕,6.0,术师,扩散术师,Dusk,2021-02-05 16:00:00,远程位,70,31→34,1,2.9,808,1123,1404,1801,,426,601,771,918,110,50,77,106,127,,10,10,15,20,,工笔入化,自动回复,自动触发,0,6,,泼墨淋漓,自动回复,手动触发,15,44,18,写意胜形,自动回复,手动触发,55,104,60,部署费用-1,再部署时间-4秒,攻击力+34,第一天赋效果增强,部署费用-1
闪击,5.0,重装,铁卫,Blitz,2021-03-09 16:00:00,近战位,70,18→20→22,3,1.2,1296,1728,2305,3213,,230,295,369,445,45,243,364,493,676,45,0,0,0,0,,闪光护盾,自动回复,手动触发,10,18,,突破防线,自动回复,手动触发,15,40,6,,,,,,,部署费用-1,再部署时间-4秒,攻击力+25,第一天赋效果增强,部署费用-1
雪雉,5.0,特种,钩索师,Snowsant,2020-01-09 04:00:00,近战位,80,13→15,2,1.8,794,1073,1394,1835,300,320,458,596,745,,155,228,301,355,40,0,0,0,0,,倒刺钩爪,自动回复,自动触发,0,5,,伸缩式电捕网,自动回复,手动触发,10,21,,,,,,,,部署费用-1,再部署时间-10秒,部署费用-1,天赋效果增强,部署费用-1
梅尔,5.0,辅助,召唤师,Mayer,2019-04-30 10:00:00,远程位,70,9→11,1,1.6,480,649,843,1068,200,199,285,380,443,35,56,80,107,130,,15,15,20,20,,迷惑装置,被动,,0,0,,爆破回收,自动回复,手动触发,0,34,,,,,,,,部署费用-1,再部署时间-4秒,法术抗性+8,再部署时间-6秒,部署费用-1
年,6.0,重装,铁卫,Nian,2020-01-16 16:00:00,近战位,70,19→21→23,3,1.5,1539,2080,2737,3699,400,295,405,513,619,,254,380,529,726,70,0,0,0,0,,锡灼,自动回复,手动触发,10,30,26,铜印,自动回复,手动触发,31,50,32,铁御,自动回复,手动触发,56,85,40,部署费用-1,攻击力+24,防御力+30,第一天赋效果增强,部署费用-1
野鬃,5.0,先锋,冲锋手,Wild Mane,2021-11-01 16:00:00,近战位,80,12→14,1,1.0,874,1214,1557,2225,,238,351,468,558,70,168,234,305,372,,0,0,0,0,,骑枪刺击,被动,,0,0,25,夹枪冲锋,自动回复,手动触发,25,40,20,,,,,,,部署费用-1,再部署时间-10秒,部署费用-1,再部署时间-10秒,部署费用-1
能天使,6.0,狙击,速射手,Exusiai,2019-04-30 10:00:00,远程位,70,12→14,1,1.0,711,1016,1338,1673,,183,305,437,540,90,57,95,136,161,,0,0,0,0,,冲锋模式,攻击回复,自动触发,0,4,,扫射模式,自动回复,手动触发,18,39,15,过载模式,自动回复,自动触发,20,38,15,部署费用-1,第一天赋效果增强,攻击力+27,部署费用-1,第二天赋效果增强
阿消,4.0,特种,推击手,Shaw,2019-04-30 10:00:00,近战位,70,17→19,2,1.2,824,1099,1392,1785,200,252,351,469,580,35,151,229,302,365,,0,0,0,0,,水蒸气泵,自动回复,自动触发,0,6,,高压水炮,自动回复,手动触发,0,20,,,,,,,,部署费用-1,再部署时间-4秒,生命上限+140,再部署时间-6秒,部署费用-1
惊蛰,5.0,术师,链术师,Leizi,2020-02-25 16:00:00,远程位,70,29→32,1,2.3,590,843,1096,1443,,295,411,527,635,75,47,72,99,119,,10,10,15,20,,攻击力强化·γ型,自动回复,手动触发,10,35,30,初雷,自动回复,手动触发,46,80,32,,,,,,,部署费用-1,再部署时间-4秒,攻击力+28,天赋效果增强,部署费用-1
蜜蜡,5.0,术师,阵法术师,Beeswax,2020-07-28 16:00:00,远程位,70,21→23,1,2.0,1052,1315,1644,2005,,378,505,632,735,70,131,153,178,205,20,15,15,15,15,,沙暴扩散,自动回复,手动触发,8,24,17,守卫尖碑,自动回复,手动触发,10,26,20,,,,,,,部署费用-1,再部署时间-4秒,攻击力+30,再部署时间-6秒,部署费用-1
麦哲伦,6.0,辅助,召唤师,Magallan,2019-10-15 16:00:00,远程位,70,10→12,1,1.6,495,670,871,1103,300,211,302,403,469,40,60,87,116,140,,15,15,20,20,,高效制冷模块,自动回复,手动触发,16,30,15,激光开采模块,自动回复,手动触发,25,44,15,武装打击模块,自动回复,手动触发,25,44,15,部署费用-1,再部署时间-4秒,攻击力+23,第二天赋效果增强,部署费用-1
空弦,6.0,狙击,速射手,Archetto,2021-01-05 16:00:00,远程位,70,12→14,1,1.0,725,1036,1364,1705,,178,298,427,528,90,61,102,146,172,,0,0,0,0,,箭矢·散逸,攻击回复,自动触发,0,4,,箭矢·追猎,攻击回复,手动触发,0,12,,箭矢·暴风,攻击回复,手动触发,15,34,20,部署费用-1,再部署时间-4秒,攻击力+27,第二天赋效果增强,部署费用-1
异客,6.0,术师,链术师,Passenger,2021-04-15 16:00:00,远程位,70,30→33,1,2.3,654,935,1215,1558,,311,433,571,689,85,49,84,116,130,,10,10,15,20,,电能之触,自动回复,自动触发,0,6,,聚焦指令,自动回复,手动触发,16,44,31,辉煌裂片,自动回复,手动触发,0,34,,部署费用-1,第二天赋效果增强,攻击力+32,部署费用-1,第一天赋效果增强
傀影,6.0,特种,处决者,Phantom,2020-04-21 16:00:00,近战位,18,8→10,1,0.93,769,1026,1283,1645,,215,317,435,558,90,144,207,270,322,,0,0,0,0,,暗夜魅影,被动,,0,0,,血色乐章,被动,,0,0,,夜幕突袭,被动,,0,0,,部署费用-1,攻击力+22,再部署时间-2秒,生命上限+130,部署费用-1
巫恋,5.0,辅助,削弱者,Shamare,2020-04-21 16:00:00,远程位,70,10→12,1,1.6,677,996,1347,1728,,184,263,338,408,65,48,70,92,105,,15,15,20,25,,病入膏肓,自动回复,自动触发,0,78,,诅咒娃娃,自动回复,自动触发,10,38,,,,,,,,部署费用-1,再部署时间-4秒,法术抗性+8,天赋效果增强,部署费用-1
霜华,5.0,特种,陷阱师,Frost,2021-03-09 16:00:00,远程位,70,9→11,1,0.85,635,847,1073,1359,200,240,329,433,529,40,64,98,130,157,,0,0,0,0,,陷阱部署,自动回复,自动触发,0,16,,击倒猎物,自动回复,自动触发,0,16,,,,,,,,部署费用-1,再部署时间-4秒,攻击力+23,天赋效果增强,部署费用-1
焰尾,6.0,先锋,尖兵,Flametail,2021-11-01 16:00:00,近战位,70,12→14,2,1.05,864,1138,1560,2138,,216,314,431,526,85,157,231,313,392,,0,0,0,0,,迅敏直觉,自动回复,自动触发,6,19,,“红松林”,自动回复,手动触发,26,40,,焰心,自动回复,手动触发,3,19,8,部署费用-1,再部署时间-4秒,攻击力+25,第二天赋效果增强,部署费用-1
Lancet-2,1.0,医疗,医师,Lancet-2,2019-04-30 10:00:00,远程位,200,3,1,2.85,261,435,——,——,100,42,70,——,——,40,16,27,——,——,,0,0,——,——,,,,,,,,,,,,,,,,,,,,天赋效果加强,天赋效果加强,天赋效果加强,天赋效果加强,天赋效果加强
深海色,4.0,辅助,召唤师,Deepcolor,2019-04-30 10:00:00,远程位,70,8→10,1,1.6,472,638,829,1050,300,181,259,346,403,,53,77,103,125,,10,10,10,15,,光影之触,自动回复,手动触发,0,34,30,视觉陷阱,自动回复,手动触发,52,80,43,,,,,,,部署费用-1,再部署时间-4秒,攻击速度+8,再部署时间-6秒,部署费用-1
灰喉,5.0,狙击,速射手,GreyThroat,2019-12-24 16:00:00,远程位,70,11→13,1,1.0,667,954,1224,1493,,173,289,420,513,75,53,89,128,152,,0,0,0,0,,飞羽,自动回复,自动触发,0,5,,回流,攻击回复,手动触发,12,34,17,,,,,,,部署费用-1,再部署时间-4秒,攻击力+23,再部署时间-6秒,部署费用-1
坚雷,4.0,重装,驭法铁卫,Dur-nar,2019-10-01 04:00:00,近战位,70,20→22→24,3,1.6,1201,1623,2165,3007,,244,349,466,583,65,220,324,438,548,,5,5,10,15,,攻击力强化·β型,自动回复,手动触发,5,37,25,起盾回击,受击回复,手动触发,6,31,30,,,,,,,部署费用-1,再部署时间-4秒,攻击力+23,防御力+20,部署费用-1
杜宾,4.0,近卫,教官,Dobermann,2019-04-30 10:00:00,近战位,70,13→15,2,1.05,818,1121,1457,2024,,264,378,505,602,30,178,252,320,382,30,0,0,0,0,,强力击·β型,攻击回复,自动触发,0,4,,鞭策,自动回复,手动触发,34,74,25,,,,,,,部署费用-1,再部署时间-4秒,生命上限+150,天赋效果增强,部署费用-1
桑葚,5.0,医疗,行医,Mulberry,2021-09-17 16:00:00,远程位,70,13→15,1,2.85,750,987,1175,1367,150,136,223,310,388,35,43,63,79,99,,10,10,10,10,,治愈云雾,自动回复,自动触发,0,5,,安全区域,自动回复,手动触发,50,72,30,,,,,,,部署费用-1,再部署时间-4秒,攻击力+19,天赋效果增强,部署费用-1
THRM-EX,1.0,特种,处决者,Thermal-EX,2020-05-01 16:00:00,近战位,200,3,0,0.93,1154,1443,——,——,,208,260,——,——,90,354,443,——,——,,50,50,——,——,,,,,,,,,,,,,,,,,,,,天赋效果加强,天赋效果加强,天赋效果加强,天赋效果加强,天赋效果加强
安德切尔,3.0,狙击,速射手,Adnachiel,2019-04-30 10:00:00,远程位,70,9→11,1,1.0,531,831,1080,——,,150,251,365,——,50,55,93,134,——,,0,0,0,——,,攻击力强化·α型,自动回复,手动触发,0,40,20,,,,,,,,,,,,,部署费用-1,再部署时间-4秒,攻击力+23,再部署时间-6秒,部署费用-1
罗比菈塔,4.0,辅助,工匠,Roberta,2021-09-17 16:00:00,近战位,70,13→15→17,2,1.5,1123,1539,1976,2470,,226,333,444,535,35,188,270,349,415,35,0,0,0,0,,叙拉古式上妆,自动回复,手动触发,15,30,30,全自动造型仪,自动回复,手动触发,10,35,25,,,,,,,部署费用-1,再部署时间-4秒,防御力+35,天赋效果增强,部署费用-1
特米米,5.0,术师,中坚术师,Tomimi,2020-08-25 16:00:00,远程位,80,20→22,1,1.6,837,1197,1555,1920,200,271,383,504,600,35,45,76,106,119,,10,10,15,20,,部族技艺,自动回复,手动触发,10,32,30,嘉维尔保护方案,自动回复,手动触发,18,34,27,,,,,,,部署费用-1,再部署时间-10秒,部署费用-1,天赋效果增强,部署费用-1
塞雷娅,6.0,重装,守护者,Saria,2019-04-30 10:00:00,近战位,70,18→20→22,2→3→3,1.2,1309,1769,2268,3150,,200,287,388,485,50,248,365,487,595,60,10,10,10,10,,急救,自动回复,自动触发,0,5,,药物配置,自动回复,自动触发,0,8,,钙质化,自动回复,手动触发,55,80,22,部署费用-1,再部署时间-4秒,防御力+27,第一天赋效果增强,部署费用-1
清道夫,4.0,先锋,尖兵,Scavenger,2019-04-30 10:00:00,近战位,70,10→12,2,1.05,693,937,1284,1835,,185,281,385,470,60,136,198,255,310,,0,0,0,0,,冲锋号令·β型,自动回复,自动触发,10,33,,冲锋号令·攻击,自动回复,手动触发,15,34,15,,,,,,,部署费用-1,再部署时间-4秒,攻击力+25,天赋效果增强,部署费用-1
德克萨斯,5.0,先锋,尖兵,Texas,2019-04-30 10:00:00,近战位,70,11→13,2,1.05,727,996,1365,1950,,203,299,410,500,70,139,208,274,343,,0,0,0,0,,冲锋号令·γ型,自动回复,自动触发,14,38,,剑雨,自动回复,手动触发,26,40,,,,,,,,部署费用-1,再部署时间-4秒,攻击力+24,再部署时间-6秒,部署费用-1
慕斯,4.0,近卫,术战者,Mousse,2019-04-30 10:00:00,近战位,70,18→20,1,1.25,1069,1407,1782,2345,,273,396,515,644,35,158,230,296,357,35,10,10,10,15,,挠伤,攻击回复,自动触发,0,5,,炸毛,自动回复,手动触发,30,80,40,,,,,,,部署费用-1,再部署时间-4秒,攻击力+26,天赋效果增强,部署费用-1
柏喙,5.0,近卫,剑豪,Bibeak,2020-03-17 16:00:00,近战位,70,18→20→22,2,1.3,1089,1492,1938,2550,,245,356,463,602,80,146,209,272,332,,0,0,0,0,,飞针剑羽,攻击回复,自动触发,0,3,,异刃斩,攻击回复,手动触发,2,10,,,,,,,,部署费用-1,再部署时间-4秒,攻击力+22,天赋效果增强,部署费用-1
缠丸,4.0,近卫,无畏者,Matoimaru,2019-04-30 10:00:00,近战位,70,15→17,1,1.5,1514,2019,2693,3640,450,396,592,760,916,,70,100,131,156,,0,0,0,0,,生命回复·β型,自动回复,手动触发,7,24,,恶鬼之力,自动回复,手动触发,5,29,12,,,,,,,部署费用-1,再部署时间-4秒,生命上限+180,天赋效果增强,部署费用-1
末药,4.0,医疗,医师,Myrrh,2019-04-30 10:00:00,远程位,70,16→18,1,2.85,752,1060,1278,1420,,161,264,372,465,60,57,83,104,131,,0,0,0,0,,二重治疗,自动回复,自动触发,0,9,,医疗力场,自动回复,手动触发,15,55,25,,,,,,,部署费用-1,再部署时间-4秒,攻击力+23,天赋效果增强,部署费用-1
月禾,5.0,辅助,护佑者,Tsukinogi,2020-06-02 16:00:00,远程位,70,10→12,1,1.6,674,992,1341,1720,300,200,287,369,445,40,81,117,154,175,,15,15,20,25,,迹无,自动回复,手动触发,21,50,31,森廻,自动回复,手动触发,20,51,17,,,,,,,部署费用-1,再部署时间-4秒,生命上限+160,天赋效果增强,部署费用-1
熔泉,5.0,狙击,攻城手,Toddifons,2021-04-15 16:00:00,远程位,70,21→23,1,2.4,820,1066,1333,1667,,427,594,782,954,95,60,80,100,123,,0,0,0,0,,信号矢,自动回复,手动触发,12,29,20,便携破城矢,自动回复,手动触发,22,44,,,,,,,,部署费用-1,再部署时间-4秒,攻击力+34,天赋效果增强,部署费用-1
崖心,5.0,特种,钩索师,Cliffheart,2019-04-30 10:00:00,近战位,70,11→13,2,1.8,852,1152,1497,1970,,329,471,612,765,70,148,219,289,340,,0,0,0,0,,锁链勾爪,自动回复,自动触发,0,5,,束缚链,自动回复,手动触发,10,19,,,,,,,,部署费用-1,再部署时间-4秒,攻击速度+8,天赋效果增强,部署费用-1
四月,5.0,狙击,速射手,April,2020-09-24 16:00:00,远程位,70,11→13,1,1.0,572,818,1049,1280,,178,298,432,528,75,56,94,135,160,,0,0,0,0,,精准射击,攻击回复,自动触发,0,4,,灵活伪装,被动,,0,0,20,,,,,,,部署费用-1,再部署时间-4秒,攻击力+23,再部署时间-6秒,部署费用-1
芬,3.0,先锋,尖兵,Fang,2019-04-30 10:00:00,近战位,70,9→11,2,1.05,742,1060,1325,——,,157,235,325,——,,130,187,260,——,50,0,0,0,——,,冲锋号令·α型,自动回复,自动触发,6,25,,,,,,,,,,,,,,部署费用-1,再部署时间-4秒,防御力+20,再部署时间-6秒,部署费用-1
卡达,4.0,术师,驭械术师,Click,2020-07-09 16:00:00,远程位,70,18→20,1,1.3,589,842,1094,1440,,145,205,264,315,60,47,72,100,120,,10,10,15,20,,攻击力强化·β型,自动回复,手动触发,5,37,25,同步索敌攻击,自动回复,手动触发,10,45,26,,,,,,,部署费用-1,再部署时间-4秒,攻击速度+6,再部署时间-6秒,部署费用-1
杰西卡,4.0,狙击,速射手,Jessica,2019-04-30 10:00:00,远程位,70,10→12,1,1.0,604,864,1108,1320,,163,272,389,475,65,54,91,130,154,,0,0,0,0,,强力击·β型,攻击回复,自动触发,0,4,,掩护烟幕,自动回复,手动触发,15,44,22,,,,,,,部署费用-1,再部署时间-4秒,攻击力+23,再部署时间-6秒,部署费用-1
嵯峨,6.0,先锋,尖兵,Saga,2021-02-05 16:00:00,近战位,70,12→14,2,1.05,892,1174,1609,2205,,218,316,434,530,85,148,219,297,372,,0,0,0,0,,冲锋号令·γ型,自动回复,自动触发,14,38,,除恶,自动回复,手动触发,10,16,,怒目,自动回复,手动触发,27,44,20,部署费用-1,再部署时间-4秒,攻击力+25,第二天赋效果增强,部署费用-1
帕拉斯,6.0,近卫,教官,Pallas,2021-07-02 16:00:00,近战位,70,15→17,2,1.05,794,1088,1413,1963,300,302,432,577,687,50,213,301,382,455,,0,0,0,0,,胜利的连击,攻击回复,自动触发,0,3,,信念的长鞭,自动回复,手动触发,10,29,22,英勇的祝福,自动回复,手动触发,30,50,30,部署费用-1,再部署时间-4秒,攻击力+25,第二天赋效果增强,部署费用-1
因陀罗,5.0,近卫,斗士,Indra,2019-04-30 10:00:00,近战位,70,8→10,1,0.78,1213,1640,2103,2565,,218,321,429,530,75,151,217,294,350,,0,0,0,0,,碎甲拳,攻击回复,自动触发,0,4,,裂魂,自动回复,手动触发,10,50,25,,,,,,,部署费用-1,再部署时间-4秒,攻击力+23,天赋效果增强,部署费用-1
阿,6.0,特种,怪杰,Aak,2020-01-16 16:00:00,远程位,70,11→13,1,1.3,865,1236,1627,2034,300,247,413,583,703,50,58,90,121,152,,10,10,10,10,,快速射击,自动回复,手动触发,17,30,26,爆发剂·γ型,自动回复,手动触发,22,34,30,爆发剂·榴莲味,自动回复,手动触发,27,41,20,部署费用-1,再部署时间-4秒,生命上限+150,第二天赋效果增强,部署费用-1
火神,5.0,重装,不屈者,Vulcan,2019-04-30 10:00:00,近战位,70,31→33→35,2→3→3,1.6,1574,2072,2692,3688,400,344,479,639,820,50,222,337,450,585,,10,10,10,10,,坚守模式,自动回复,手动触发,30,50,26,武力模式,自动回复,手动触发,30,50,26,,,,,,,部署费用-1,再部署时间-4秒,生命上限+250,天赋效果增强,部署费用-1
香草,3.0,先锋,尖兵,Vanilla,2019-04-30 10:00:00,近战位,70,9→11,2,1.05,711,1016,1270,——,,168,248,355,——,50,128,184,240,——,,0,0,0,——,,冲锋号令·援军,自动回复,手动触发,6,20,10,,,,,,,,,,,,,部署费用-1,再部署时间-4秒,攻击力+20,再部署时间-6秒,部署费用-1
陈,6.0,近卫,剑豪,Ch\'en,2019-07-09 16:00:00,近战位,,,,,1229,1684,2188,2880,,249,361,469,610,50,154,221,288,352,50,0,0,0,0,,鞘击,攻击回复,自动触发,0,5,,赤霄·拔刀,攻击回复,手动触发,14,25,,赤霄·绝影,攻击回复,手动触发,10,36,,部署费用-1,再部署时间-4秒,攻击力+23,第二天赋效果增强,部署费用-1
送葬人,5.0,狙击,散射手,Executor,2019-10-15 16:00:00,远程位,70,28→31,1,2.3,1035,1380,1747,2330,,327,468,604,720,65,100,131,166,185,,0,0,0,0,,铳口收束,自动回复,手动触发,19,45,31,最终旅程,自动回复,手动触发,29,74,17,,,,,,,部署费用-1,再部署时间-4秒,攻击力+29,天赋效果增强,部署费用-1
艾雅法拉,6.0,术师,中坚术师,Eyjafjalla,2019-04-30 10:00:00,远程位,70,19→21,1,1.6,732,1046,1359,1743,,292,406,535,645,90,46,79,109,122,,10,10,15,20,,二重咏唱,自动回复,手动触发,20,39,25,点燃,自动回复,自动触发,0,6,,火山,自动回复,手动触发,40,80,15,部署费用-1,第二天赋效果增强,攻击力+27,部署费用-1,第一天赋效果增强
锡兰,5.0,医疗,疗养师,Ceylon,2019-08-27 16:00:00,远程位,80,20→22,1,2.85,798,1050,1251,1455,200,164,269,374,468,40,55,80,100,126,,10,10,10,10,,集中式水疗,自动回复,自动触发,0,9,,水灵庇护,自动回复,手动触发,32,80,30,,,,,,,部署费用-1,再部署时间-10秒,部署费用-1,天赋效果增强,部署费用-1
凯尔希,6.0,医疗,医师,Kal\'tsit,2021-05-01 16:00:00,远程位,70,18→20,1,2.85,865,1219,1469,1633,400,167,274,392,490,,94,137,172,215,40,0,0,0,0,,指令：结构加固,自动回复,手动触发,6,24,36,指令：战术协同,自动回复,手动触发,0,12,17,指令：熔毁,自动回复,手动触发,0,19,18,部署费用-1,再部署时间-4秒,攻击力+25,第二天赋效果增强,部署费用-1
豆苗,4.0,先锋,战术家,Beanstalk,2021-01-05 16:00:00,远程位,70,11→13,1,1.0,702,1003,1286,1569,,171,252,332,405,50,43,73,105,125,,0,0,0,0,,定点指令,自动回复,手动触发,11,34,,“大家一起上”,自动回复,手动触发,14,44,15,,,,,,,部署费用-1,再部署时间-4秒,攻击速度+8,再部署时间-6秒,部署费用-1
絮雨,5.0,医疗,疗养师,Whisperain,2020-11-01 16:00:00,远程位,70,18→20,1,2.85,785,1034,1231,1432,200,172,282,393,492,40,52,76,95,119,,10,10,10,10,,定向诊断,攻击回复,自动触发,0,3,,痛觉抑制,自动回复,自动触发,0,59,,,,,,,,部署费用-1,再部署时间-4秒,攻击力+23,天赋效果增强,部署费用-1
史都华德,3.0,术师,中坚术师,Steward,2019-04-30 10:00:00,远程位,70,16→18,1,1.6,592,847,1100,——,,249,357,470,——,50,38,65,90,——,,10,10,15,——,,强力击·α型,攻击回复,自动触发,0,4,,,,,,,,,,,,,,部署费用-1,再部署时间-4秒,攻击力+23,再部署时间-6秒,部署费用-1
诗怀雅,5.0,近卫,教官,Swire,2019-07-09 16:00:00,近战位,70,14→16,2,1.05,774,1061,1378,1914,,289,413,551,656,40,193,273,346,413,30,0,0,0,0,,指挥调度,自动回复,手动触发,20,50,27,协同作战,攻击回复,手动触发,20,50,21,,,,,,,部署费用-1,再部署时间-4秒,攻击力+26,天赋效果增强,部署费用-1
假日威龙陈,6.0,狙击,散射手,Ch\'en the Holungday,2021-08-03 16:00:00,远程位,,,,,1110,1481,1875,2501,,351,502,649,773,80,110,143,182,203,,0,0,0,0,,高压冲击,攻击回复,自动触发,0,5,,“堇青之夜”,自动回复,手动触发,10,24,,“假日风暴”,自动回复,手动触发,25,60,,部署费用-1,再部署时间-4秒,攻击力+33,第一天赋效果增强,部署费用-1
安哲拉,5.0,狙击,神射手,Andreana,2020-08-11 16:00:00,远程位,70,19→21,1,2.7,737,958,1198,1498,300,479,666,877,1070,40,62,83,104,128,,0,0,0,0,,攻击力强化·γ型,自动回复,手动触发,10,35,30,阻滞射击战术,自动回复,手动触发,12,34,30,,,,,,,部署费用-1,再部署时间-4秒,攻击力+35,天赋效果增强,部署费用-1
炎客,5.0,近卫,无畏者,Flamebringer,2019-10-15 16:00:00,近战位,80,18→20,1,1.5,1496,2138,2930,3907,400,408,601,761,918,45,86,123,161,195,,0,0,0,0,,歃血,攻击回复,自动触发,0,4,,刃鬼,攻击回复,自动触发,0,48,,,,,,,,部署费用-1,再部署时间-10秒,部署费用-1,天赋效果增强,部署费用-1
杜林,2.0,术师,中坚术师,Durin,2019-04-30 10:00:00,远程位,70,12,1,1.6,571,952,——,——,,238,340,——,——,30,36,62,——,——,,10,10,——,——,,,,,,,,,,,,,,,,,,,,部署费用-1,生命上限+50,再部署时间-5秒,生命上限+50,部署费用-1
蓝毒,5.0,狙击,速射手,Blue Poison,2019-04-30 10:00:00,远程位,70,11→13,1,1.0,536,767,984,1230,,178,297,438,535,75,45,76,109,130,,5,5,5,5,,二重射击·自动,攻击回复,自动触发,0,3,,毒液散射,自动回复,手动触发,20,50,26,,,,,,,部署费用-1,再部署时间-4秒,攻击力+24,天赋效果增强,部署费用-1
羽毛笔,5.0,近卫,收割者,La Pluma,2021-08-03 16:00:00,近战位,70,19→20→22,1→2→2,1.3,1120,1474,1867,2250,,297,425,552,650,75,215,299,384,452,,0,0,0,0,,高速切割,攻击回复,自动触发,0,3,,收割,自动回复,手动触发,30,44,25,,,,,,,部署费用-1,再部署时间-4秒,防御力+25,再部署时间-6秒,部署费用-1
苏苏洛,4.0,医疗,医师,Sussurro,2019-08-27 16:00:00,远程位,70,16→18,1,2.85,725,994,1170,1345,,173,284,395,488,60,53,77,97,122,,0,0,0,0,,治疗强化·β型,自动回复,手动触发,10,32,25,深度治疗,自动回复,手动触发,0,19,30,,,,,,,部署费用-1,再部署时间-4秒,攻击力+23,天赋效果增强,部署费用-1
歌蕾蒂娅,6.0,特种,钩索师,Gladiia,2021-05-01 16:00:00,近战位,80,14→16,2,1.8,999,1350,1754,2309,,344,492,640,801,50,144,213,281,331,50,0,0,0,0,,缺水的大洋裂断,自动回复,自动触发,0,5,,缺水的掌握怒海,自动回复,手动触发,20,29,20,缺水的碎漩狂舞,自动回复,手动触发,24,39,8,部署费用-1,再部署时间-10秒,部署费用-1,第二天赋效果增强,部署费用-1
推进之王,6.0,先锋,尖兵,Siege,2019-04-30 10:00:00,近战位,70,12→14,2,1.05,911,1199,1643,2251,,212,308,422,515,60,154,227,307,384,25,0,0,0,0,,冲锋号令·γ型,自动回复,自动触发,14,38,,跃空锤,自动回复,自动触发,6,11,,碎颅击,自动回复,手动触发,10,30,21,部署费用-1,再部署时间-4秒,攻击力+25,第一天赋效果增强,部署费用-1
夜刀,2.0,先锋,尖兵,Yato,2019-04-30 10:00:00,近战位,70,7,2,1.05,721,1030,——,——,,150,232,——,——,30,134,192,——,——,,0,0,——,——,,,,,,,,,,,,,,,,,,,,部署费用-1,再部署时间-5秒,攻击力+9,攻击力+9,部署费用-1
幽灵鲨,5.0,近卫,强攻手,Specter,2019-04-30 10:00:00,近战位,,,,,1199,1538,1972,2630,,293,407,551,725,80,150,215,291,355,,0,0,0,0,,攻击力强化·γ型,自动回复,手动触发,10,35,30,肉斩骨断,自动回复,手动触发,30,43,12,,,,,,,部署费用-1,再部署时间-4秒,攻击力+27,天赋效果增强,部署费用-1
格拉尼,5.0,先锋,冲锋手,Grani,2019-05-30 10:00:00,近战位,80,12→14,1,1.0,877,1219,1564,2235,,235,347,463,552,,166,231,300,367,70,0,0,0,0,,防御力强化·γ型,自动回复,手动触发,10,35,40,永不后退！,自动回复,手动触发,50,74,30,,,,,,,部署费用-1,再部署时间-10秒,部署费用-1,天赋效果增强,部署费用-1
银灰,6.0,近卫,领主,SilverAsh,2019-04-30 10:00:00,近战位,70,18→20,2,1.3,1075,1536,2022,2560,,297,444,577,713,50,189,259,329,397,50,5,5,10,10,,强力击·γ型,攻击回复,自动触发,0,3,,雪境生存法则,自动回复,手动触发,0,5,,真银斩,自动回复,手动触发,60,90,26,部署费用-1,再部署时间-4秒,攻击力+26,第一天赋效果增强,部署费用-1
水月,6.0,特种,伏击客,Mizuki,2021-08-03 16:00:00,近战位,70,19→21,0,3.5,760,1028,1336,1758,,372,532,692,865,110,155,229,302,356,,10,10,20,30,,唤醒,自动回复,自动触发,0,8,,囚徒困境,自动回复,手动触发,5,19,19,镜花水月,自动回复,手动触发,30,70,30,部署费用-1,再部署时间-4秒,攻击力+32,第二天赋效果增强,部署费用-1
亚叶,5.0,医疗,医师,Folinic,2020-07-09 16:00:00,远程位,80,19→21,1,2.85,839,1183,1426,1585,200,163,268,383,479,50,58,84,106,133,,0,0,0,0,,最大剂量输注,自动回复,手动触发,16,34,40,复合型药物弹片,自动回复,手动触发,16,44,27,,,,,,,部署费用-1,再部署时间-10秒,部署费用-1,天赋效果增强,部署费用-1
华法琳,5.0,医疗,医师,Warfarin,2019-04-30 10:00:00,远程位,70,17→19,1,2.85,805,1135,1368,1520,,172,282,404,505,75,55,80,100,125,,0,0,0,0,,紧急包扎,攻击回复,自动触发,0,4,,不稳定血浆,自动回复,手动触发,45,60,,,,,,,,部署费用-1,再部署时间-4秒,攻击力+27,再部署时间-6秒,部署费用-1
远牙,6.0,狙击,神射手,Fartooth,2021-10-15 16:00:00,远程位,70,20→22,1,2.7,749,973,1217,1522,,535,744,980,1196,100,79,106,133,163,,0,0,0,0,,迅捷打击·γ型,自动回复,手动触发,10,39,35,同盟支援,自动回复,手动触发,21,40,31,光羽箭,自动回复,手动触发,7,24,17,部署费用-1,再部署时间-4秒,攻击力+40,第一天赋效果增强,部署费用-1
芳汀,4.0,近卫,领主,Arene,2020-09-24 16:00:00,近战位,70,16→18,2,1.3,945,1350,1777,2250,,263,388,518,640,55,162,222,282,340,,5,5,10,10,,小玩笑,自动回复,手动触发,10,31,15,致命恶作剧,自动回复,手动触发,10,35,20,,,,,,,部署费用-1,再部署时间-4秒,攻击力+18,天赋效果增强,部署费用-1
煌,6.0,近卫,强攻手,Blaze,2019-12-24 16:00:00,近战位,70,20→22→24,2→2→3,1.2,1286,1649,2115,2821,,308,429,581,765,60,156,224,303,370,45,0,0,0,0,,强力击·γ型,攻击回复,自动触发,0,3,,链锯延伸模块,自动回复,自动触发,0,80,,沸腾爆裂,自动回复,手动触发,19,39,10,部署费用-1,第一天赋效果增强,攻击力+28,第二天赋效果增强,部署费用-1
Castle-3,1.0,近卫,无畏者,Castle-3,2019-04-30 10:00:00,近战位,200,3,1,1.5,928,1191,——,——,200,247,353,——,——,60,63,90,——,——,,0,0,——,——,,,,,,,,,,,,,,,,,,,,天赋效果加强,天赋效果加强,天赋效果加强,天赋效果加强,天赋效果加强
角峰,4.0,重装,铁卫,Matterhorn,2019-04-30 10:00:00,近战位,70,17→19→21,3,1.2,1273,1698,2264,3235,385,198,254,318,375,,241,361,489,670,,5,5,5,5,,体能强化,自动回复,手动触发,5,39,27,抗寒体质,自动回复,手动触发,5,44,27,,,,,,,部署费用-1,再部署时间-4秒,生命上限+250,再部署时间-6秒,部署费用-1
迷迭香,6.0,狙击,投掷手,Rosmontis,2020-11-01 16:00:00,远程位,70,23→25,1,2.1,874,1166,1477,1944,,341,461,584,688,60,123,160,200,245,30,10,10,10,15,,思维膨大,攻击回复,自动触发,0,3,,末梢阻断,自动回复,手动触发,20,34,36,“如你所愿”,自动回复,手动触发,35,74,27,部署费用-1,再部署时间-4秒,攻击力+32,第一天赋效果增强,部署费用-1
梓兰,3.0,辅助,凝滞师,Orchid,2019-04-30 10:00:00,远程位,70,10→12,1,1.9,553,738,935,——,,192,283,378,——,40,44,64,83,——,,10,10,15,——,,迅捷打击·α型,自动回复,手动触发,0,45,25,,,,,,,,,,,,,部署费用-1,再部署时间-4秒,攻击力+19,再部署时间-6秒,部署费用-1
稀音,5.0,辅助,召唤师,Scene,2020-07-28 16:00:00,远程位,70,9→11,1,1.6,496,671,872,1105,200,194,278,371,432,,67,96,128,155,35,15,15,20,20,,保护色隐蔽,自动回复,自动触发,0,72,,全景过载摄像,自动回复,手动触发,9,30,17,,,,,,,部署费用-1,再部署时间-4秒,法术抗性+8,再部署时间-6秒,部署费用-1
灰毫,5.0,重装,要塞,Ashlock,2021-10-15 16:00:00,近战位,70,23→25→27,2→3→3,2.8,1293,1725,2301,3207,,446,573,717,865,50,194,291,394,541,50,0,0,0,0,,攻击力强化·γ型,自动回复,手动触发,10,35,30,专注轰击,自动回复,手动触发,10,20,10,,,,,,,部署费用-1,再部署时间-4秒,攻击力+32,第一天赋效果增强,部署费用-1
赫默,5.0,医疗,医师,Silence,2019-04-30 10:00:00,远程位,70,17→19,1,2.85,845,1191,1435,1595,,166,273,385,482,75,62,90,113,142,,0,0,0,0,,治疗强化·γ型,自动回复,手动触发,20,32,30,医疗无人机,自动回复,自动触发,0,22,,,,,,,,部署费用-1,再部署时间-4秒,攻击力+24,天赋效果增强,部署费用-1
陨星,5.0,狙击,炮手,Meteorite,2019-04-30 10:00:00,远程位,70,24→26→28,1,2.8,770,963,1204,1505,,377,539,674,865,85,59,77,98,116,,0,0,0,0,,霰射弹头,攻击回复,自动触发,0,4,,高爆弹头,自动回复,手动触发,0,23,,,,,,,,部署费用-1,再部署时间-4秒,攻击力+35,再部署时间-6秒,部署费用-1
慑砂,5.0,狙击,炮手,Sesa,2020-03-17 16:00:00,远程位,70,24→26→28,1,2.8,847,1059,1324,1655,,363,519,649,833,85,63,82,104,123,,0,0,0,0,,攻击力强化·γ型,自动回复,手动触发,10,35,30,延时震荡零件,自动回复,手动触发,14,44,27,,,,,,,部署费用-1,再部署时间-4秒,攻击力+33,天赋效果增强,部署费用-1
艾丝黛尔,4.0,近卫,强攻手,Estelle,2019-04-30 10:00:00,近战位,70,18→20→22,2→2→3,1.2,1140,1462,1875,2500,350,278,387,524,690,,133,190,258,315,,0,0,0,0,,攻击力强化·β型,自动回复,手动触发,5,37,25,舍身突击,受击回复,手动触发,10,23,15,,,,,,,部署费用-1,再部署时间-4秒,生命上限+200,天赋效果增强,部署费用-1
蚀清,5.0,术师,轰击术师,Corroserum,2021-11-01 16:00:00,远程位,70,30→33,1,2.9,686,980,1273,1572,,343,484,638,760,90,45,77,107,120,,10,10,15,20,,专注力超载,自动回复,手动触发,0,30,30,传导蚀滞弹,自动回复,手动触发,25,40,25,,,,,,,部署费用-1,再部署时间-4秒,攻击力+33,天赋效果增强,部署费用-1
炎熔,3.0,术师,扩散术师,Lava,2019-04-30 10:00:00,远程位,,,,,614,878,1141,——,,321,453,582,——,60,41,69,95,——,,10,10,15,——,,战术咏唱·α型,自动回复,手动触发,0,40,20,,,,,,,,,,,,,部署费用-1,再部署时间-4秒,攻击速度+8,天赋效果增强,部署费用-1
鞭刃,5.0,近卫,教官,Whislash,2020-10-15 16:00:00,近战位,80,16→18,2,1.05,781,1071,1391,1932,,283,405,541,645,30,197,278,352,420,40,0,0,0,0,,激励艺术,自动回复,手动触发,0,34,17,鞭刃,自动回复,手动触发,20,64,22,,,,,,,部署费用-1,再部署时间-10秒,部署费用-1,天赋效果增强,部署费用-1
玫兰莎,3.0,近卫,无畏者,Melantha,2019-04-30 10:00:00,近战位,70,13→15,1,1.5,1395,1993,2745,——,,396,583,738,——,65,83,119,155,——,,0,0,0,——,,攻击力强化·α型,自动回复,手动触发,0,40,20,,,,,,,,,,,,,部署费用-1,再部署时间-4秒,攻击力+25,再部署时间-6秒,部署费用-1
调香师,4.0,医疗,群愈师,Perfumer,2019-04-30 10:00:00,远程位,70,14→16,1,2.85,710,960,1232,1560,150,117,189,256,320,25,69,92,120,145,,0,0,0,0,,治疗强化·β型,自动回复,手动触发,10,32,25,精调,自动回复,手动触发,20,60,30,,,,,,,部署费用-1,再部署时间-4秒,攻击力+19,天赋效果增强,部署费用-1
红豆,4.0,先锋,冲锋手,Vigna,2019-04-30 10:00:00,近战位,70,9→11,1,1.0,724,1006,1291,1845,,248,355,468,558,60,152,218,287,351,,0,0,0,0,,攻击力强化·β型,自动回复,手动触发,5,37,25,槌音,自动回复,手动触发,5,28,25,,,,,,,部署费用-1,再部署时间-4秒,攻击力+24,天赋效果增强,部署费用-1
临光,5.0,重装,守护者,Nearl,2019-04-30 10:00:00,近战位,,,,,1154,1560,2001,2780,,191,273,369,462,40,240,353,471,575,50,10,10,10,10,,急救,自动回复,自动触发,0,5,,急救模式,自动回复,手动触发,30,52,40,,,,,,,部署费用-1,再部署时间-4秒,防御力+25,天赋效果增强,部署费用-1
夜烟,4.0,术师,中坚术师,Haze,2019-04-30 10:00:00,远程位,70,17→19,1,1.6,619,885,1150,1420,,253,362,483,583,60,42,71,98,110,,10,10,15,20,,攻击力强化·β型,自动回复,手动触发,5,37,25,赤色之瞳,自动回复,手动触发,0,30,25,,,,,,,部署费用-1,再部署时间-4秒,生命上限+100,天赋效果增强,部署费用-1
蜜莓,5.0,医疗,行医,Honeyberry,2021-11-01 16:00:00,远程位,70,13→15,1,2.85,799,1052,1253,1458,150,131,216,300,375,35,46,68,85,107,,10,10,10,10,,精神护理,自动回复,自动触发,0,6,,振奋,自动回复,手动触发,20,49,25,,,,,,,部署费用-1,再部署时间-4秒,攻击力+19,天赋效果增强,部署费用-1
夜魔,5.0,术师,中坚术师,Nightmare,2019-05-30 10:00:00,远程位,70,18→20,1,1.6,658,941,1223,1510,,281,396,522,622,70,45,77,107,120,,10,10,15,20,,灵魂汲取,自动回复,手动触发,40,80,60,夜魇魔影,自动回复,自动触发,0,24,,,,,,,,部署费用-1,再部署时间-4秒,攻击力+26,天赋效果增强,部署费用-1
守林人,5.0,狙击,神射手,Firewatch,2019-04-30 10:00:00,远程位,70,19→21,1,2.7,714,928,1160,1450,,486,675,889,1085,90,63,85,107,131,,0,0,0,0,,环境伪装,自动回复,手动触发,0,26,35,战术电台,自动回复,手动触发,20,50,,,,,,,,部署费用-1,再部署时间-4秒,攻击力+35,天赋效果增强,部署费用-1
W,6.0,狙击,炮手,W,2020-05-01 16:00:00,远程位,70,25→27→29,1,2.8,821,1027,1284,1605,,397,568,711,912,100,68,89,112,133,,0,0,0,0,,红桃K,自动回复,手动触发,0,19,,惊吓盒子,自动回复,自动触发,0,10,,D12,自动回复,手动触发,17,39,,部署费用-1,再部署时间-4秒,攻击力+35,第二天赋效果增强,部署费用-1
孑,4.0,特种,行商,Jaye,2020-08-11 16:00:00,近战位,25,5→7,1,1.0,1110,1461,1804,2284,200,321,441,559,674,40,195,250,321,378,,0,0,0,0,,断螯,自动回复,自动触发,0,6,,刺身拼盘,自动回复,自动触发,0,11,,,,,,,,部署费用-1,再部署时间-3秒,攻击力+23,天赋效果增强,部署费用-1
莱恩哈特,5.0,术师,扩散术师,Leonhardt,2020-06-18 16:00:00,远程位,70,30→33,1,2.9,734,1020,1276,1637,,359,506,649,773,90,47,72,100,120,,10,10,15,20,,攻击力强化·γ型,自动回复,手动触发,10,35,30,解构与爆破,自动回复,手动触发,0,13,,,,,,,,部署费用-1,再部署时间-4秒,攻击力+32,天赋效果增强,部署费用-1
芙兰卡,5.0,近卫,无畏者,Franka,2019-04-30 10:00:00,近战位,70,16→18,1,1.5,1443,2062,2826,3768,,416,613,776,936,75,105,150,195,235,25,0,0,0,0,,迅捷打击·γ型,自动回复,手动触发,10,39,35,极致锋度,自动回复,手动触发,5,20,26,,,,,,,部署费用-1,再部署时间-4秒,攻击力+30,再部署时间-6秒,部署费用-1
极光,5.0,重装,决战者,Aurora,2021-12-21 16:00:00,近战位,70,28→30→32,1,1.6,1696,2356,3100,4027,,413,582,747,901,55,257,378,512,640,55,0,0,0,0,,固守家园,自动回复,手动触发,10,22,30,人工降雪,自动回复,手动触发,10,20,,,,,,,,部署费用-1,再部署时间-4秒,防御力+27,第一天赋效果增强,部署费用-1
远山,4.0,术师,扩散术师,Gitano,2019-04-30 10:00:00,远程位,70,29→32,1,2.9,653,934,1214,1598,,332,468,600,715,70,47,72,99,118,,10,10,15,20,,战术咏唱·β型,自动回复,手动触发,5,37,25,命运,自动回复,手动触发,50,90,30,,,,,,,部署费用-1,再部署时间-4秒,攻击力+27,天赋效果增强,部署费用-1
白面鸮,5.0,医疗,群愈师,Ptilopsis,2019-04-30 10:00:00,远程位,70,15→17,1,2.85,751,1016,1271,1610,,122,198,268,335,55,71,95,124,150,,0,0,0,0,,治疗强化·γ型,自动回复,手动触发,20,32,30,脑啡肽,自动回复,手动触发,75,100,36,,,,,,,部署费用-1,再部署时间-4秒,攻击力+21,再部署时间-6秒,部署费用-1
闪灵,6.0,医疗,医师,Shining,2019-04-30 10:00:00,远程位,70,18→20,1,2.85,854,1204,1451,1613,,180,296,424,530,80,60,88,110,138,20,0,0,0,0,,信条,自动回复,手动触发,14,44,20,自动掩护,自动回复,自动触发,0,7,,教条力场,自动回复,手动触发,100,120,60,部署费用-1,第二天赋效果增强,防御力+25,部署费用-1,第一天赋效果增强
耶拉,5.0,术师,驭械术师,Kjera,2021-12-21 16:00:00,远程位,80,21→23,1,1.3,604,863,1121,1475,,135,191,246,294,60,48,73,101,121,,10,10,15,20,,攻击力强化·γ型,自动回复,手动触发,10,35,30,心随意动,自动回复,手动触发,20,44,25,,,,,,,部署费用-1,再部署时间-10秒,部署费用-1,天赋效果增强,部署费用-1
卡涅利安,6.0,术师,阵法术师,Carnelian,2021-06-01 16:00:00,远程位,70,22→24,1,2.0,1104,1380,1726,2106,,435,581,727,846,80,146,170,198,228,30,15,15,15,15,,沙暴守卫,自动回复,手动触发,1,18,17,沙缚镣锁,自动回复,手动触发,7,25,25,食噬之印,自动回复,手动触发,1,28,21,部署费用-1,再部署时间-4秒,攻击力+34,第一天赋效果增强,部署费用-1
初雪,5.0,辅助,削弱者,Pramanix,2019-04-30 10:00:00,远程位,70,10→12,1,1.6,629,925,1251,1605,,193,277,356,430,65,46,67,89,102,,15,15,20,25,,传音回响,自动回复,手动触发,20,40,16,自然震慑,自动回复,手动触发,16,40,18,,,,,,,部署费用-1,再部署时间-4秒,法术抗性+8,天赋效果增强,部署费用-1
莫斯提马,6.0,术师,扩散术师,Mostima,2019-11-19 16:00:00,远程位,70,31→34,1,2.9,822,1142,1428,1831,,387,546,700,834,105,52,80,110,132,,10,10,15,20,,攻击力强化·γ型,自动回复,手动触发,10,35,30,荒时之锁,自动回复,手动触发,17,56,6,序时之匙,自动回复,手动触发,62,110,24,部署费用-1,再部署时间-4秒,攻击力+34,第二天赋效果增强,部署费用-1
奥斯塔,5.0,狙击,散射手,Aosta,2020-10-15 16:00:00,远程位,70,28→31,1,2.3,1055,1407,1782,2376,,314,449,580,691,65,103,135,172,192,,0,0,0,0,,迅捷打击·γ型,自动回复,手动触发,10,39,35,影钉,自动回复,手动触发,19,54,22,,,,,,,部署费用-1,再部署时间-4秒,攻击力+26,天赋效果增强,部署费用-1
空爆,3.0,狙击,炮手,Catapult,2019-05-23 10:00:00,远程位,70,21→23,1,2.8,736,920,1150,——,,340,487,617,——,55,51,67,85,——,,0,0,0,——,,爆破范围提升·α型,自动回复,手动触发,0,45,30,,,,,,,,,,,,,部署费用-1,再部署时间-4秒,攻击力+27,再部署时间-6秒,部署费用-1
灰烬,6.0,狙击,速射手,Ash,2021-03-09 16:00:00,远程位,70,12→14,1,1.0,718,1026,1351,1689,,181,302,432,534,90,60,100,143,169,,0,0,0,0,,支援射击,自动回复,自动触发,0,49,,突击战术,自动回复,手动触发,0,29,,攻坚榴弹,自动回复,手动触发,0,25,,部署费用-1,再部署时间-4秒,攻击力+27,第二天赋效果增强,部署费用-1
史尔特尔,6.0,近卫,术战者,Surtr,2020-09-24 16:00:00,近战位,70,19→21,1,1.25,1330,1750,2216,2916,,288,418,544,672,100,186,267,343,414,,10,10,10,15,,烈焰魔剑,攻击回复,自动触发,0,3,,熔核巨影,自动回复,手动触发,9,22,17,黄昏,自动回复,手动触发,0,8,,部署费用-1,第二天赋效果增强,攻击力+28,第一天赋效果增强,部署费用-1
琴柳,6.0,先锋,执旗手,Saileach,2021-09-17 16:00:00,近战位,70,10→12,1,1.3,771,1057,1339,1835,,243,348,458,546,40,169,236,311,367,40,0,0,0,0,,支援号令·γ型,自动回复,手动触发,12,29,8,信仰传承,自动回复,手动触发,12,32,15,光辉旗帜,自动回复,手动触发,6,24,10,部署费用-1,再部署时间-4秒,攻击力+25,第一天赋效果增强,部署费用-1
酸糖,4.0,狙击,重射手,Aciddrop,2020-08-25 16:00:00,远程位,70,14→16→18,1,1.6,671,933,1197,1576,,313,429,565,735,80,79,114,152,209,,0,0,0,0,,花式点射,自动回复,手动触发,15,40,20,扳机时刻,自动回复,手动触发,20,58,25,,,,,,,部署费用-1,再部署时间-4秒,攻击力+30,再部署时间-4秒,部署费用-1
龙舌兰,5.0,近卫,解放者,Tequila,2021-08-03 16:00:00,近战位,80,11→13,2→2→3,1.2,1871,2463,3118,3757,230,137,197,256,302,50,238,331,425,501,,15,15,15,15,,当机立断,自动回复,手动触发,0,20,20,剑走偏锋,自动回复,手动触发,10,20,15,,,,,,,部署费用-1,再部署时间-10秒,部署费用-1,天赋效果增强,部署费用-1
耀骑士临光,6.0,近卫,无畏者,Nearl the Radiant Knight,2021-11-01 16:00:00,近战位,,,,,1397,1996,2698,3550,200,473,697,883,1064,85,130,187,247,295,,0,0,0,0,,灿焰长刃,自动回复,自动触发,0,60,,逐夜烁光,被动,,0,0,25,耀阳颔首,自动回复,手动触发,20,50,25,部署费用-1,再部署时间-4秒,攻击力+35,第二天赋效果增强,部署费用-1
星熊,6.0,重装,铁卫,Hoshiguma,2019-04-30 10:00:00,近战位,70,19→21→23,3,1.2,1602,2165,2849,3850,,221,284,356,430,60,257,384,527,723,60,0,0,0,0,,战意,自动回复,手动触发,20,44,26,荆棘,被动,,0,0,,力之锯,自动回复,手动触发,26,54,25,部署费用-1,第一天赋效果增强,防御力+30,部署费用-1,第二天赋效果增强
地灵,4.0,辅助,凝滞师,Earthspirit,2019-04-30 10:00:00,远程位,70,12→14,1,1.9,548,751,964,1205,,202,298,398,480,50,46,66,85,101,,10,10,15,20,,攻击力强化·β型,自动回复,手动触发,5,37,25,流沙化,自动回复,手动触发,10,48,25,,,,,,,部署费用-1,再部署时间-4秒,攻击力+21,天赋效果增强,部署费用-1
图耶,5.0,医疗,医师,Tuye,2021-01-19 16:00:00,远程位,80,19→21,1,2.85,821,1157,1395,1550,,167,275,394,493,75,59,86,108,135,,0,0,0,0,,水流环,自动回复,手动触发,0,13,,强心剂,自动回复,自动触发,15,50,,,,,,,,部署费用-1,再部署时间-10秒,部署费用-1,天赋效果增强,部署费用-1
安比尔,4.0,狙击,神射手,Ambriel,2019-12-24 16:00:00,远程位,70,18→20,1,2.7,785,1020,1276,1595,,437,608,801,977,75,60,80,100,122,,0,0,0,0,,阻挡弹,自动回复,手动触发,10,29,30,雷达定位,自动回复,手动触发,10,25,34,,,,,,,部署费用-1,再部署时间-4秒,攻击速度+6,天赋效果增强,部署费用-1
布丁,4.0,术师,链术师,Pudding,2021-11-01 16:00:00,远程位,70,28→31,1,2.3,542,775,1007,1326,,241,345,449,542,70,39,66,91,108,,20,20,20,20,,战术咏唱·β型,自动回复,手动触发,5,37,25,扩散电流,自动回复,手动触发,15,39,20,,,,,,,部署费用-1,再部署时间-4秒,攻击力+23,再部署时间-6秒,部署费用-1
刻俄柏,6.0,术师,中坚术师,Ceobe,2020-02-25 16:00:00,远程位,70,19→21,1,1.6,657,939,1220,1565,,302,420,553,667,90,48,82,114,128,,10,10,15,20,,“很冰的斧”,自动回复,自动触发,0,7,,“很热的刀”,自动回复,手动触发,16,44,36,“很重的枪”,自动回复,手动触发,47,80,57,部署费用-1,再部署时间-4秒,攻击力+27,第一天赋效果增强,部署费用-1
正义骑士号,1.0,狙击,速射手,"\""Justice Knight\""",2021-11-01 16:00:00,远程位,200,3,1,1.0,396,495,——,——,100,137,172,——,——,45,32,41,——,——,,0,0,——,——,,,,,,,,,,,,,,,,,,,,天赋效果加强,天赋效果加强,天赋效果加强,天赋效果加强,天赋效果加强
